,Unnamed: 0,sent_i,sent,ne_info,amr_graph,amr_head_name,amr_tail_name,amr_role,umr_head_name,umr_tail_name,umr_role,amr_head_id,umr_head_id,amr_tail_id,umr_tail_id,y_guess,y_guess_dist,y_pred
2,3,3,"He drove west, from Houston to Austin .","[{'LOC': 'Houston'}, {'LOC': 'Austin'}, {'PER': 'He'}]",DiGraph with 11 nodes and 11 edges,drive-01,city,:source,drive-01,city,:start,d_3,s4d_1,c_6,s4c_6,"[':material', ':source', ':start']","[0.1, 0.6, 0.3]",:source
7,9,10,"The boy murmured softly to soothe the girl, because he worried about her.","[{'B_human': 'boy'}, {'B_human': 'girl'}, {'PER': 'he'}, {'PER': 'her'}]",DiGraph with 8 nodes and 8 edges,murmur-01,worry-01,:cause,murmur-01,worry-01,:reason,m_1,s11m_1,w_6,s11w_6,"[':cause', ':reason']","[0.9, 0.1]",:cause
10,12,12,The match has been canceled due to the rain.,[],DiGraph with 4 nodes and 4 edges,cancel-01,cause-01,:ARG1-of,cancel-01,rain-01,:cause,c_3,s13r_4,c2_5,s13c_2,"[':cause', ':reason']","[0.9, 0.1]",:cause
18,21,23,a ring of gold,[],DiGraph with 2 nodes and 2 edges,ring,gold,:consist-of,ring,gold,:material,r_3,s34r_3,g_4,s34g_4,"[':group', ':part', ':material']","[0.1, 0.1, 0.8]",:material
26,32,30,They will focus on the import of cheap chemical drugs made in Thailand.,"[{'LOC': 'Thailand'}, {'PER': 'They'}]",DiGraph with 11 nodes and 11 edges,drug,chemical,:consist-of,drug,chemical,:material,d_6,s41d_7,c3_8,s41c2_9,"[':group', ':part', ':material']","[0.1, 0.1, 0.8]",:material
33,42,37,Hallmark could make a fortune off of this guy.,"[{'MISC': 'Hallmark'}, {'B_human': 'guy'}]",DiGraph with 9 nodes and 9 edges,fortune,guy,:source,fortune,guy,:source,f_9,s48f_4,g_10,s48g_5,[':source'],[1.0],:source
34,43,38,It stimulates others to be big contributors so they may be in on the next wave of free cash from the boy king.,"[{'B_human': 'contributors'}, {'B_human': 'boy king'}, {'PER': 'they'}]",DiGraph with 15 nodes and 15 edges,wave-04,next,:mod,wave-04,next,:mod,w_12,s49w_13,n_17,s49n_18,"[':mod', ':other-role']","[0.995, 0.005]",:mod
2,6,6,Only a few sheets of tin roofing and the occasional coconut tree could be seen.,[],DiGraph with 11 nodes and 10 edges,tree,coconut,:mod,tree,coconut,:mod,t2_7,s7t2_6,c_8,s7c_7,"[':mod', ':other-role']","[0.995, 0.005]",:mod
3,7,6,Only a few sheets of tin roofing and the occasional coconut tree could be seen.,[],DiGraph with 11 nodes and 10 edges,tree,occasional,:mod,tree,occasional,:mod,t2_7,s7t2_6,o_9,s7o_8,"[':mod', ':other-role']","[0.995, 0.005]",:mod
4,8,7,"Tiny groups of mud-spattered survivors were also shown, walking through the muck, apparently stunned by the scope of the destruction.",[{'B_human': 'survivors'}],DiGraph with 15 nodes and 14 edges,show-01,also,:mod,show-01,also,:mod,s_0,s8s_0,a2_14,s8a2_25,"[':mod', ':other-role']","[0.995, 0.005]",:mod
11,18,16,"A mild 2.6-magnitude earthquake which struck before the landslide may also have helped set off the wall of mud that crashed down on the village, said Rene Solidum, head of the government vulcanology office.",[{'PER': 'Rene Solidum'}],DiGraph with 27 nodes and 26 edges,earthquake,mild,:mod,earthquake-02,mild,:mod,e_2,s17e_12,m_5,s17m_16,"[':mod', ':other-role']","[0.995, 0.005]",:mod
17,28,21,"Volunteer rescue teams from the country's mining companies, skilled in digging through the earth to rescue people, were also going to the area, said President Arroyo said.","[{'PER': 'Arroyo'}, {'B_human': 'Volunteer'}]",DiGraph with 23 nodes and 22 edges,company,mine-01,:mod,company,mine-01,:mod,c_11,s22c_15,m_12,s22m_16,"[':mod', ':other-role']","[0.995, 0.005]",:mod
21,32,23,Military helicopters were able to reach the area despite heavy clouds but the flights ceased after nightfall because the aircraft did not have night-flying capabilities.,[],DiGraph with 22 nodes and 21 edges,cease-01,cause-01,:ARG1-of,cease-01,capable-01,:reason,c2_7,s24c4_17,c3_13,s24c2_11,"[':cause', ':reason']","[0.9, 0.1]",:cause
31,43,7,"I am not sure if those were the formal reasons but members of the commission have been interviewed today by various outlets and they say that they were afraid of the spy mania rising in Russia, that they thought it was really suspicious to them that Edmund Pope was sentenced to the maximum term, whereas the article of the law had 10 to 20 years.","[{'LOC': 'Russia'}, {'PER': 'Edmund Pope'}, {'B_human': 'members'}, {'PER': 'I'}, {'PER': 'they'}, {'PER': 'they'}, {'PER': 'they'}, {'PER': 'them'}]",DiGraph with 52 nodes and 51 edges,outlet,various,:mod,outlet,various,:mod,o_10,s8o_14,v_11,s8v_15,"[':mod', ':other-role']","[0.995, 0.005]",:mod
33,46,7,"I am not sure if those were the formal reasons but members of the commission have been interviewed today by various outlets and they say that they were afraid of the spy mania rising in Russia, that they thought it was really suspicious to them that Edmund Pope was sentenced to the maximum term, whereas the article of the law had 10 to 20 years.","[{'LOC': 'Russia'}, {'PER': 'Edmund Pope'}, {'B_human': 'members'}, {'PER': 'I'}, {'PER': 'they'}, {'PER': 'they'}, {'PER': 'they'}, {'PER': 'them'}]",DiGraph with 52 nodes and 51 edges,article,law,:source,article,law,:source,a3_42,s8a3_55,l_43,s8l_56,"[':material', ':source', ':start']","[0.1, 0.6, 0.3]",:material
34,48,9,They also said this court did not give the lawyers for the defense due procedure.,"[{'B_human': 'lawyers'}, {'PER': 'They'}]",DiGraph with 11 nodes and 10 edges,court,this,:mod,court,this,:mod,c_4,s10c_7,t2_5,s10t2_8,"[':mod', ':other-role']","[0.995, 0.005]",:mod
38,55,3,Russian President Vladimir Putin pardoned him for health reasons.,"[{'MISC': 'Russian'}, {'PER': 'Vladimir Putin'}, {'PER': 'him'}]",DiGraph with 16 nodes and 15 edges,pardon-01,cause-01,:ARG1-of,pardon-01,reason,:reason,p3_0,s4r_15,c2_13,s4p_0,"[':cause', ':reason']","[0.9, 0.1]",:cause
41,58,4,"Pope was flown to the U.S. military base at Ramstein, Germany.","[{'PER': 'Pope'}, {'LOC': 'U.S.'}, {'LOC': 'Ramstein'}, {'LOC': 'Germany'}, {'PER': 'US'}]",DiGraph with 19 nodes and 18 edges,fly-01,base,:destination,fly-01,base,:goal,f_0,s5f_0,b2_5,s5b_5,[':goal'],[1.0],:goal
43,61,5,you can't see him yet .,"[{'PER': 'you'}, {'PER': 'him'}]",DiGraph with 5 nodes and 4 edges,see-01,yet,:mod,see-01,yet,:mod,s6s_0,s6s_0,s6y2_4,s6y_7,"[':mod', ':other-role']","[0.995, 0.005]",:mod
48,66,15,and he dumps all his pears into the basket,[{'PER': 'he'}],DiGraph with 7 nodes and 6 edges,dump-01,basket,:destination,dump-01,basket,:goal,s16d_1,s16d_0,s16b_6,s16b_7,[':goal'],[1.0],:goal
55,76,66,"riding off and the next scene you see him ,","[{'PER': 'you'}, {'PER': 'him'}]",DiGraph with 9 nodes and 8 edges,scene,next,:mod,scene,next,:mod,s67s2_7,s67s2_13,s67n_8,s67n_14,"[':mod', ':other-role']","[0.995, 0.005]",:mod
59,84,111,A--nd um I just remembered another detail .,[{'PER': 'I'}],DiGraph with 6 nodes and 5 edges,detail,another,:mod,detail,another,:mod,s112d_3,s112d_4,s112a_4,s112a_5,"[':mod', ':other-role']","[0.995, 0.005]",:mod
63,88,128,"U-m and he's ge he's getting down out of the tree ,",[],DiGraph with 5 nodes and 4 edges,get-05,tree,:source,get-05,tree,:source,s129g_1,s129g_0,s129t_4,s129t_6,"[':material', ':source', ':start']","[0.1, 0.6, 0.3]",:start
64,90,137,and that's the end of the movie .,[],DiGraph with 5 nodes and 4 edges,thing,that,:mod,thing,that,:mod,s138t_2,s138t_1,s138t2_3,s138t2_2,"[':mod', ':other-role']","[0.995, 0.005]",:mod
3,4,18,"The lack or serious shortage of intermediate layers of Party organizations and units between the two has resulted in its inability to consider major issues with endless minor issues on hand, such that even if it is highly capable, it won't last long, as it will be dragged down by numerous petty things.","[{'ORG': 'Party'}, {'W_Inanimate': 'thing'}, {'W_Inanimate': 'location'}]",DiGraph with 44 nodes and 43 edges,last-01,cause-01,:ARG1-of,last-01,cause-01,:cause,l3_28,c4_37,c4_37,l3_28,"[':cause', ':reason']","[0.9, 0.1]",:cause
6,7,35,"As long as we stick to this issue, Xinghui surely has no way of winning the lawsuit if it goes to court.","[{'PER': 'Xinghui'}, {'PER': 'we'}, {'W_Animate': 'company'}]",DiGraph with 19 nodes and 18 edges,have-03,go-01,:condition,have-03,go-01,:condition,h_1,h_1,g_11,g_11,[':condition'],[1.0],:condition
7,8,40,"Without the guarantee from the contract signed with us, they would surely have been unable to deploy them!","[{'PER': 'us'}, {'PER': 'they'}, {'PER': 'them'}, {'W_Inanimate': 'thing'}]",DiGraph with 13 nodes and 12 edges,guarantee-01,contract,:source,guarantee-01,contract,:source,g_8,g_8,c_9,c_9,"[':material', ':source', ':start']","[0.1, 0.6, 0.3]",:source
12,13,233,"In Mao Zedong's residence, the glass window in the foyer door rattled uncontrollably, and there was a huge bang from below like a tractor starting up, with Mao Zedong's sickbed shaking non-stop.......","[{'PER': 'Mao Zedong'}, {'PER': 'Mao Zedong'}, {'W_Inanimate': 'location'}, {'W_Animate': 'person'}]",DiGraph with 31 nodes and 30 edges,bang-01,below,:source,bang-01,below,:source,b_10,b_10,b2_11,b2_11,"[':material', ':source', ':start']","[0.1, 0.6, 0.3]",:start
15,16,315,"Over 200 Han pupils in 15th primary school in Urumqi were injected, *and there were actually Uyghur students from the same schools involved*, it was shocking!","[{'MISC': 'Han'}, {'LOC': 'Urumqi'}, {'MISC': 'Uyghur'}, {'B_human': 'pupils'}, {'B_human': 'students'}, {'W_Inanimate': 'location'}, {'W_Inanimate': 'location'}, {'W_Inanimate': 'city'}]",DiGraph with 28 nodes and 27 edges,person,s,:source,person,s,:source,p3_18,p3_18,s_19,s_19,"[':material', ':source', ':start']","[0.1, 0.6, 0.3]",:source
32,33,748,A Letter from the Victim's Family,[],DiGraph with 5 nodes and 4 edges,letter,family,:source,letter,family,:source,l_0,l_0,f_1,f_1,"[':material', ':source', ':start']","[0.1, 0.6, 0.3]",:source
58,63,2890,Invest in a proffessional fake spray tan - there are more and more salons.,[],DiGraph with 10 nodes and 9 edges,invest-01 :mode imperative,cause-01,:ARG1-of,invest-01 :mode imperative,cause-01,:cause,i_0,c2_6,c2_6,i_0,"[':cause', ':reason']","[0.9, 0.1]",:cause
66,72,5896,I'll even provide nice hollow point ammo for them to use.,[{'PER': 'them'}],DiGraph with 9 nodes and 8 edges,ammo,point,:part,ammo,point,:part,a_2,a_2,p2_3,p2_3,[':part'],[1.0],:part
78,86,7621,"For that matter, if they were pepper-spraying people, why on Earth are they not in jail?","[{'LOC': 'Earth'}, {'PER': 'they'}, {'PER': 'they'}]",DiGraph with 11 nodes and 10 edges,jail-01,spray-01,:condition,jail-01,spray-01,:condition,j_0,j_0,s_5,s_5,[':condition'],[1.0],:condition
80,89,7625,"It's all so absurd, the levels these people went through to remain ""in office"" are astounding, please update us if you hear anything about the off-site facilities.","[{'PER': 'us'}, {'PER': 'you'}, {'W_Inanimate': 'location'}]",DiGraph with 25 nodes and 24 edges,update-02,hear-01,:condition,update-02,hear-01,:condition,u_14,u_14,h_19,h_19,[':condition'],[1.0],:condition
94,105,895,He is opposed to charity from the government.,[{'PER': 'He'}],DiGraph with 5 nodes and 4 edges,charity,government-organization,:source,charity,government-organization,:source,c_2,c_2,g_3,g_3,"[':material', ':source', ':start']","[0.1, 0.6, 0.3]",:source
102,113,4605,It's from people who worked with him.,[{'PER': 'him'}],DiGraph with 4 nodes and 3 edges,it,people,:source,it,people,:source,i_0,i_0,p_1,p_1,"[':material', ':source', ':start']","[0.1, 0.6, 0.3]",:source
110,123,10919,Unless something has changed in the language of the Public Option insurance plan that was in hr3200....,"[{'MISC': 'Public Option'}, {'W_Inanimate': 'product'}, {'W_Inanimate': 'law'}]",DiGraph with 16 nodes and 15 edges,plan-01,law,:source,plan-01,law,:source,p_4,p_4,l3_11,l3_11,"[':material', ':source', ':start']","[0.1, 0.6, 0.3]",:material
112,125,10991,Say I was ABLE to get a Health Ins plan from Washington state.....,"[{'ORG': 'ABLE'}, {'MISC': 'In'}, {'ORG': 's'}, {'LOC': 'Washington'}, {'PER': 'I'}, {'W_Inanimate': 'state'}]",DiGraph with 12 nodes and 11 edges,get-01,state,:source,get-01,state,:source,g_3,g_3,s_8,s_8,"[':material', ':source', ':start']","[0.1, 0.6, 0.3]",:source
113,126,16580,"When you ask them for a little decency and respect in a place where human tissue was flying out of destroyed aircraft on the buildings below as far as far as jet parts, they can't deal with that.","[{'PER': 'you'}, {'PER': 'them'}, {'PER': 'they'}, {'W_Inanimate': 'location'}, {'W_Inanimate': 'location'}, {'W_Inanimate': 'location'}]",DiGraph with 25 nodes and 24 edges,fly-01,aircraft,:source,fly-01,aircraft,:start,f_9,f_9,a3_15,a3_15,"[':material', ':source', ':start']","[0.1, 0.6, 0.3]",:source
117,130,20298,"And it was the old white couch we had back when I was two, with the texture I remember, and which we threw away before I was three.","[{'PER': 'we'}, {'PER': 'I'}, {'PER': 'I'}, {'PER': 'we'}, {'PER': 'I'}]",DiGraph with 24 nodes and 23 edges,couch,texture,:part,couch,texture,:part,c_1,c_1,t2_13,t2_13,[':part'],[1.0],:part
118,131,20322,"Two corduroy jumpsuits, one pink, one blue, that snapped up the inner legs, so I must have still been in diapers.",[{'PER': 'I'}],DiGraph with 19 nodes and 18 edges,leg,inner,:part,leg,inner,:part,l_17,l_17,i3_18,i3_18,[':part'],[1.0],:part
120,133,20873,Another is a giant green house with a mile high chimney which turns wind turbines.,[],DiGraph with 10 nodes and 9 edges,house,chimney,:part,house,chimney,:part,h_1,h_1,c_5,c_5,[':part'],[1.0],:part
131,144,24147,"Third there is the probably unwise wholesale development of the shoreline property on the Gulf Coast, from Twxas to Florida that has occurred over the last thirty years.","[{'LOC': 'Gulf Coast'}, {'LOC': 'T'}, {'LOC': 'wxas'}, {'LOC': 'Florida'}, {'W_Inanimate': 'Gulf'}, {'W_Inanimate': 'location'}, {'W_Inanimate': 'state'}, {'W_Inanimate': 'state'}]",DiGraph with 25 nodes and 24 edges,property,state,:destination,property,state,:goal,p_7,p_7,s_13,s3_9,[':goal'],[1.0],:goal
134,147,24785,"After the tumultuous infighting of early September, a tentative truce between the Blair and Brown camps is so far holding in Manchester.","[{'PER': 'Blair'}, {'PER': 'Brown'}, {'LOC': 'Manchester'}, {'W_Animate': 'person'}, {'W_Animate': 'person'}, {'W_Inanimate': 'location'}, {'W_Inanimate': 'city'}]",DiGraph with 24 nodes and 23 edges,truce,camp,:part,truce,camp,:part,t_1,t_1,c_3,c_3,[':part'],[1.0],:part
137,150,24993,"According to EU officials and diplomats, the impressive performance of Nicolas Sarkozy, FranceÔøΩs president, during his six-month spell in charge of the EU last year has strengthened the hand of those who say a big name should guide the 27-nation bloc.","[{'ORG': 'EU'}, {'PER': 'Nicolas Sarkozy'}, {'ORG': 'FranceÔøΩs'}, {'ORG': 'EU'}, {'B_human': 'officials'}, {'B_human': 'diplomat'}, {'B_human': 'president'}, {'W_Animate': 'person'}, {'W_Inanimate': 'country'}, {'W_Animate': 'organization'}]",DiGraph with 44 nodes and 43 edges,bloc,nation,:part,bloc,nation,:part,b_34,b_34,n4_35,n4_35,[':part'],[1.0],:part
142,155,26358,The link I posted talks about crowds telling someone to jump from a building to commit suicide and getting people in the crowd to act completely out of character.,[{'PER': 'I'}],DiGraph with 24 nodes and 23 edges,jump-03,building,:source,jump-03,building,:start,j_8,j_8,b_10,b_10,"[':material', ':source', ':start']","[0.1, 0.6, 0.3]",:source
143,156,26588,"I can see the benefits of this, but there was a scandal where obese children were taken away from their parents and then it turned out that the kids all had an illness that made them obese.","[{'B_human': 'children'}, {'B_human': 'parents'}, {'B_human': 'kids'}, {'PER': 'I'}, {'PER': 'them'}]",DiGraph with 23 nodes and 22 edges,take-away-05,person,:source,take-away-05,person,:start,t2_8,t2_8,p2_11,p2_11,[':source'],[1.0],:source
145,158,26735,"You get the occasional person while i'm working who'll call me white scum or spit at my feet, but you get the same hostilities from a minority both ways.","[{'B_human': 'person'}, {'PER': 'You'}, {'PER': 'me'}, {'PER': 'you'}]",DiGraph with 23 nodes and 22 edges,hostile,minority,:source,hostile,minority,:source,h_17,h_17,m_20,m_20,"[':material', ':source', ':start']","[0.1, 0.6, 0.3]",:source
159,172,30930,I speak from the experience of my own province.,"[{'PER': 'I'}, {'W_Inanimate': 'location'}]",DiGraph with 5 nodes and 4 edges,speak-01,experience-01,:source,speak-01,experience-01,:source,s_0,s_0,e_2,e_2,"[':material', ':source', ':start']","[0.1, 0.6, 0.3]",:start
166,179,32048,The monks was from a Buddhist monastery.,"[{'MISC': 'Buddhist'}, {'B_human': 'monks'}]",DiGraph with 6 nodes and 5 edges,monk,monastery,:source,monk,monastery,:source,m_0,m_0,m2_1,m2_1,"[':material', ':source', ':start']","[0.1, 0.6, 0.3]",:start
169,182,32256,She had undergone 39 separate surgeries to repair damage ¬∑ Leapt to her death from sixth floor Rome building earlier this month ¬∑ Her ex-husband was charged with attempted murder in 2002 but has since been acquitted,"[{'LOC': 'Rome'}, {'B_human': 'husband'}, {'PER': 'She'}, {'PER': 'her'}, {'PER': 'Her'}, {'W_Inanimate': 'location'}, {'W_Inanimate': 'city'}]",DiGraph with 41 nodes and 40 edges,leap-03,floor,:source,leap-03,floor,:start,l_9,l_9,f_13,f_13,"[':material', ':source', ':start']","[0.1, 0.6, 0.3]",:source
171,184,32298,"In addition to human waste, the bay is also a receptacle for trash from ships and the bay's 15 adjacent communities, as well as toxic runoff from a former landfill.",[],DiGraph with 17 nodes and 16 edges,runoff,landfill,:source,runoff,landfill,:source,r2_10,r2_10,l_12,l_12,"[':material', ':source', ':start']","[0.1, 0.6, 0.3]",:start
174,187,32608,"<a href=""http://timesfreepress.com/news/2013/dec/29/alex-gallmans-last-goodbye/?opinioncolumns"">They drive through the drop-off line, giving goodbye hugs and kisses from the front seat to the back.</a>",[],DiGraph with 21 nodes and 20 edges,and,seat,:destination,and,seat,:goal,a_7,a_7,s2_16,s_14,[':goal'],[1.0],:goal
177,190,32693,"While I do not agree with them that the Quran is God's word or that Muhammad is his prophet, everything else they said regarding the case is dead-on, in my opinion.","[{'MISC': 'Quran'}, {'PER': 'God'}, {'PER': 'Muhammad'}, {'B_human': 'prophet'}, {'PER': 'I'}, {'PER': 'them'}, {'PER': 'they'}, {'W_Animate': 'person'}, {'W_Inanimate': 'book'}, {'W_Animate': 'person'}]",DiGraph with 28 nodes and 27 edges,word,person,:source,word,person,:source,w_12,w_12,p_13,p_13,[':source'],[1.0],:source
190,203,12,"This new strain of genetically modified potatoes has been developed by BASF Group , a giant German chemicals company .","[{'ORG': 'BASF Group'}, {'MISC': 'German'}, {'W_Animate': 'company'}, {'W_Inanimate': 'country'}]",DiGraph with 18 nodes and 17 edges,company,country,:source,company,country,:source,c_1,c_1,c2_6,c2_6,"[':material', ':source', ':start']","[0.1, 0.6, 0.3]",:source
196,210,3153,Such a rocket is significant because of the implication of efforts to develop a surface-to-surface missile with a range at the upper limit of the voluntary Missile Technology Control Regime (MTCR).,"[{'MISC': 'Missile Technology Control Regime'}, {'MISC': 'MTCR'}, {'W_Animate': 'organization'}]",DiGraph with 23 nodes and 22 edges,missile,surface,:destination,missile,surface,:goal,m_8,m_8,s4_10,s3_9,[':goal'],[1.0],:goal
200,214,3683,fuel tanks and gearboxes from Britain,"[{'LOC': 'Britain'}, {'W_Inanimate': 'country'}]",DiGraph with 8 nodes and 7 edges,and,country,:source,and,country,:source,a_0,a_0,c_4,c_4,"[':material', ':source', ':start']","[0.1, 0.6, 0.3]",:source
202,216,7803,The Caucus region is an important conduit for the flow of oil from the Caspian Sea to world markets.,"[{'LOC': 'Caucus'}, {'LOC': 'Caspian Sea'}, {'W_Inanimate': 'sea'}]",DiGraph with 15 nodes and 14 edges,flow-01,sea,:source,flow-01,sea,:start,f_6,f_6,s_8,s_8,"[':material', ':source', ':start']","[0.1, 0.6, 0.3]",:material
207,221,176,It is named after the Beaver River that flows from Alberta to Saskatchewan.,"[{'LOC': 'Beaver River'}, {'LOC': 'Alberta'}, {'LOC': 'Saskatchewan'}, {'W_Inanimate': 'river'}, {'W_Inanimate': 'province'}, {'W_Inanimate': 'province'}]",DiGraph with 16 nodes and 15 edges,flow-01,province,:source,flow-01,province,:start,f_7,f_7,p_8,p_8,"[':material', ':source', ':start']","[0.1, 0.6, 0.3]",:source
211,225,573,"These days , Abather and his young family are among the hundreds of thousands of Iraqis who have fled in fear for their lives .","[{'PER': 'Abather'}, {'MISC': 'Iraqi'}, {'W_Animate': 'person'}, {'W_Inanimate': 'country'}]",DiGraph with 26 nodes and 25 edges,flee-05,cause-01,:ARG1-of,flee-05,cause-01,:reason,f2_18,c2_19,c2_19,f2_18,"[':cause', ':reason']","[0.9, 0.1]",:cause
212,226,600,"Learning that he was an engineer , soldiers later gave him lucrative reconstruction assignments .","[{'B_human': 'engineer'}, {'B_human': 'soldiers'}, {'PER': 'he'}, {'PER': 'him'}]",DiGraph with 13 nodes and 12 edges,assign-01,cause-01,:ARG1-of,assign-01,cause-01,:reason,a_0,c_7,c_7,a_0,"[':cause', ':reason']","[0.9, 0.1]",:cause
215,229,729,( An Amman - based aid worker later told me that American diplomats are so distraught by the policies they are charged with representing that `` it just takes a few gin and tonics and they 'll break down . '' ),"[{'MISC': 'Amman'}, {'MISC': 'American'}, {'B_human': 'worker'}, {'B_human': 'diplomat'}, {'PER': 'me'}, {'PER': 'they'}, {'PER': 'they'}, {'W_Inanimate': 'location'}, {'W_Inanimate': 'city'}, {'W_Inanimate': 'country'}]",DiGraph with 33 nodes and 32 edges,distraught,cause-01,:ARG1-of,distraught,cause-01,:cause,d2_9,c_22,c4_15,d2_9,"[':cause', ':reason']","[0.9, 0.1]",:cause
217,233,57,Symptoms mainly consist of decreased vision due to corneal edema.,[],DiGraph with 8 nodes and 7 edges,decrease-01,cause-01,:ARG1-of,decrease-01,cause-01,:cause,d_3,c2_4,c2_4,d_3,"[':cause', ':reason']","[0.9, 0.1]",:cause
222,239,87,"Moreover, the grand old men of the CCP who handed over on a silver platter a huge chunk of land in Manchuria north of the Amur River to Soviet Russia, who gave away land equivalent to ten percent of national territory in northern Mongolia; why not take this back, instead of insisting on trying to grab back a Taiwan that remains in the hands of Chinese people?","[{'ORG': 'CCP'}, {'LOC': 'Manchuria'}, {'LOC': 'Amur River'}, {'MISC': 'Soviet'}, {'LOC': 'Russia'}, {'LOC': 'Mongolia'}, {'LOC': 'Taiwan'}, {'MISC': 'Chinese'}, {'B_human': 'men'}, {'W_Inanimate': 'location'}, {'W_Inanimate': 'location'}, {'W_Inanimate': 'river'}, {'W_Inanimate': 'country'}, {'W_Inanimate': 'location'}, {'W_Inanimate': 'country'}, {'W_Inanimate': 'country'}, {'W_Inanimate': 'country'}]",DiGraph with 70 nodes and 69 edges,platter,silver,:consist-of,platter,silver,:material,p2_30,p2_30,s_31,s_31,"[':group', ':part', ':material']","[0.1, 0.1, 0.8]",:group
226,243,233,"In Mao Zedong's residence, the glass window in the foyer door rattled uncontrollably, and there was a huge bang from below like a tractor starting up, with Mao Zedong's sickbed shaking non-stop.......","[{'PER': 'Mao Zedong'}, {'PER': 'Mao Zedong'}, {'W_Inanimate': 'location'}, {'W_Animate': 'person'}]",DiGraph with 31 nodes and 30 edges,window,glass,:consist-of,window,glass,:material,w_2,w_2,g_3,g_3,"[':group', ':part', ':material']","[0.1, 0.1, 0.8]",:material
228,245,246,"And at this time, migrant worker units gained an opportunity to develop.",[{'B_human': 'migrant worker'}],DiGraph with 11 nodes and 10 edges,unit,person,:consist-of,unit,person,:group,u_2,u_2,p_3,p_3,[':group'],[1.0],:group
229,246,332,"The people who have been sacrificed have, without choice, used their lives to pave the road to success for another group of people.",[],DiGraph with 15 nodes and 14 edges,group,person,:consist-of,group,person,:group,g2_9,g2_9,p3_11,p2_1,[':group'],[1.0],:group
247,264,940,"However, nowadays, with its own serious problems, it continues to abandon the Far East and many cities have become heaps of ruins.",[{'LOC': 'Far East'}],DiGraph with 21 nodes and 20 edges,heap,ruin,:consist-of,heap,ruin,:material,h_18,h_18,r2_19,r2_19,"[':group', ':part', ':material']","[0.1, 0.1, 0.8]",:material
259,276,223,It's a good thing the polar ice cap is shrinking then right?,[{'W_Inanimate': 'location'}],DiGraph with 6 nodes and 5 edges,cap,ice,:consist-of,cap,ice,:material,c_2,c_2,i_3,i_3,"[':group', ':part', ':material']","[0.1, 0.1, 0.8]",:material
260,277,304,There are laws and barriers afffecting groups of people.,[],DiGraph with 6 nodes and 5 edges,group,person,:consist-of,group,person,:group,g_4,g_4,p_5,p_5,[':group'],[1.0],:group
262,279,509,"Because the navy needs bodyguards for the officer corps and a expeditionary force, too.","[{'B_human': 'bodyguard'}, {'B_human': 'officer'}, {'W_Animate': 'military'}]",DiGraph with 15 nodes and 14 edges,corps,person,:consist-of,corps,person,:group,c2_8,c2_8,p_9,p_9,[':group'],[1.0],:group
263,280,536,"He also told me that the Air Force guys got additional pay for being stationed on the same base as Marines and that the Marines were not allowed to go round in groups of more than 4, because they were concerned about what they could do to anyone.","[{'ORG': 'Air Force'}, {'ORG': 'Marines'}, {'ORG': 'Marines'}, {'B_human': 'guys'}, {'B_human': 'Marines'}, {'PER': 'He'}, {'PER': 'me'}, {'PER': 'they'}, {'PER': 'they'}, {'W_Animate': 'military'}, {'W_Animate': 'military'}]",DiGraph with 44 nodes and 43 edges,group,person,:consist-of,group,person,:group,g4_31,g4_31,p3_32,p2_20,[':group'],[1.0],:group
265,282,692,"Between Russia and Iran, they would have access to enormous oil reserves, from which they could, if supplies were too short, deny the U.S. Saudi Arabia comes to mind as well.","[{'LOC': 'Russia'}, {'LOC': 'Iran'}, {'LOC': 'U.S'}, {'LOC': 'Saudi Arabia'}, {'PER': 'they'}, {'PER': 'they'}, {'PER': 'US'}, {'W_Inanimate': 'country'}, {'W_Inanimate': 'country'}, {'W_Inanimate': 'country'}, {'W_Inanimate': 'country'}]",DiGraph with 33 nodes and 32 edges,reserve,oil,:consist-of,reserve,oil,:material,r_12,r_12,o_14,o_14,"[':group', ':part', ':material']","[0.1, 0.1, 0.8]",:group
269,286,740,The short haired dog has hair strands that (on the average) fall out or break before the average long-haired dog's.,"[{'B_animal': 'dog'}, {'B_animal': 'dog'}]",DiGraph with 26 nodes and 25 edges,strand,hair,:consist-of,strand,hair,:part,s2_2,s2_2,h4_3,h4_3,"[':group', ':part', ':material']","[0.1, 0.1, 0.8]",:part
271,288,756,But this premise assumes that life as we know it is the only form of life that *can* exist. And I disagree with this assumption.,"[{'PER': 'we'}, {'PER': 'I'}]",DiGraph with 17 nodes and 16 edges,form,life,:consist-of,form,life,:part,f2_5,f2_5,l3_6,l3_6,"[':group', ':part', ':material']","[0.1, 0.1, 0.8]",:material
273,290,763,"Would it not be foolish to assume this ""Mandelbrot"" like lattice would stop at the extreem of our meagre ability to observe, rather than continue to follow its serial makeup to unimagined levels of structure, and beyond to infinity (infinity, of course not being a point, but rather a lack of constraint quantifier).","[{'MISC': 'Mandelbrot'}, {'W_Inanimate': 'product'}]",DiGraph with 37 nodes and 36 edges,level,structure,:consist-of,level,structure,:part,l2_22,l2_22,s3_23,s3_23,"[':group', ':part', ':material']","[0.1, 0.1, 0.8]",:material
274,291,766,"A key issue in disscussion of ""life"" and ""universes"" is what constitutes ""structure"" or ""order"". For example, to take BGW's (and Capra's) fractal model of embedded ""structures"" we are still left with the regression problem of "" who observes/defines such structure"".","[{'ORG': 'BGW'}, {'PER': 'Cap'}, {'ORG': 'ra'}, {'PER': 'we'}, {'W_Animate': 'person'}, {'W_Animate': 'person'}]",DiGraph with 38 nodes and 37 edges,problem,person,:consist-of,problem,person,:group,p4_29,p4_29,p2_31,p5_19,[':group'],[1.0],:group
276,293,793,"""In 1993, Bachmann and other parents started a K-12 charter school in Stillwater, and she began speaking against a state-mandated set of educational standards, which propelled her into the world of politics.","[{'PER': 'Bachmann'}, {'MISC': 'K'}, {'LOC': 'Stillwater'}, {'B_human': 'parents'}, {'PER': 'she'}, {'PER': 'her'}, {'W_Animate': 'person'}, {'W_Inanimate': 'location'}, {'W_Inanimate': 'city'}]",DiGraph with 40 nodes and 39 edges,set,standard,:consist-of,set,standard,:part,s4_30,s4_30,s5_31,s5_31,"[':group', ':part', ':material']","[0.1, 0.1, 0.8]",:material
282,299,1177,"For instance a couple of generations of artists have widely used drugs, convinced that the change in consciousness is of great help to their work.",[{'B_human': 'artists'}],DiGraph with 14 nodes and 13 edges,generation,artist,:consist-of,generation,artist,:group,g_1,g_1,a_3,a_3,[':group'],[1.0],:group
286,303,2270,"To go into the SU bar on my own, sober.",[{'ORG': 'SU'}],DiGraph with 9 nodes and 8 edges,union,person,:consist-of,union,person,:group,u_3,u_3,p_4,p_4,[':group'],[1.0],:group
288,305,2631,My girlfriend went to help her mum and in turn was hit over the head by a glass bottle. As you might expect the police were called and the prick was arrested.,"[{'B_human': 'girlfriend'}, {'B_human': 'mum'}, {'B_human': 'p'}, {'PER': 'her'}, {'PER': 'you'}]",DiGraph with 27 nodes and 26 edges,bottle,glass,:consist-of,bottle,glass,:material,b_16,b_16,g2_17,g2_17,"[':group', ':part', ':material']","[0.1, 0.1, 0.8]",:part
293,310,3029,"Well in the series of Philip Pullman books, the next one in the sequence is called The Subtle Knife, I guess they would make a film of that rather than calling it The Golden Compass 2.","[{'PER': 'Philip Pull'}, {'MISC': 'man'}, {'MISC': 'The Subtle Knife'}, {'MISC': 'The Golden Compass 2'}, {'PER': 'I'}, {'PER': 'they'}, {'W_Inanimate': 'book'}, {'W_Animate': 'person'}]",DiGraph with 33 nodes and 32 edges,series,book,:consist-of,series,book,:part,s2_9,s2_9,b2_10,b_2,"[':group', ':part', ':material']","[0.1, 0.1, 0.8]",:material
306,323,4109,"It makes me cringe that the government are cutting funding for the British people, and yet somehow fund the military to rain clusters of bombs over foreign people!","[{'MISC': 'British'}, {'PER': 'me'}, {'W_Inanimate': 'country'}]",DiGraph with 23 nodes and 22 edges,cluster,bomb,:consist-of,cluster,bomb,:material,c5_19,c5_19,b_20,b_20,"[':group', ':part', ':material']","[0.1, 0.1, 0.8]",:material
318,335,6045,"Would GWB have invaded Iraq if it was not for the Gang of Three (Wolfwitz, Rumsfeld and Cheney)?..","[{'ORG': 'GWB'}, {'LOC': 'Iraq'}, {'ORG': 'Gang of Three'}, {'PER': 'Wolfwitz'}, {'PER': 'Rumsfeld'}, {'PER': 'Cheney'}, {'W_Animate': 'person'}, {'W_Inanimate': 'country'}, {'W_Animate': 'person'}, {'W_Animate': 'person'}, {'W_Animate': 'person'}, {'W_Animate': 'person'}]",DiGraph with 28 nodes and 27 edges,gang,person,:consist-of,gang,person,:group,g_11,g_11,p5_12,p_1,[':group'],[1.0],:group
319,336,6327,I'm seeing a picture of a nation of subhuman savages.,[{'B_human': 'savage'}],DiGraph with 6 nodes and 5 edges,nation,savage,:consist-of,nation,savage,:group,n_3,n_3,s2_4,s2_4,[':group'],[1.0],:group
321,338,6362,"That ambush showed real clearly how important intelligence is in guerrilla warfare. The same unit that suffered the IED attack had just had six of its snipers killed in a small-arms ambush. Now you tell me how anybody can ambush six snipers unless they've completely penetrated the unit. The insurgents knew where the unit's snipers would assemble, and they knew where the vehicle would be passing. We don't know a thing about the enemy, but it's clear that he knows way too much about us.","[{'MISC': 'IED'}, {'B_human': 'sniper'}, {'B_human': 'sniper'}, {'B_human': 'sniper'}, {'PER': 'you'}, {'PER': 'me'}, {'PER': 'they'}, {'PER': 'We'}, {'PER': 'he'}, {'PER': 'us'}, {'W_Animate': 'person'}]",DiGraph with 71 nodes and 70 edges,unit,sniper,:consist-of,unit,sniper,:group,u_20,u2_13,s3_21,s3_21,[':group'],[1.0],:group
323,340,7646,I hope KSA doesn't pull a UVSS and spiral deeper and deeper into debt while the members of the board of directors fling poo poo at each other and blame everyone but themselves for their gross mismanagement.,"[{'ORG': 'KSA'}, {'ORG': 'UVSS'}, {'B_human': 'members'}, {'B_human': 'directors'}, {'PER': 'I'}, {'W_Animate': 'organization'}, {'W_Animate': 'organization'}]",DiGraph with 39 nodes and 38 edges,board,director,:consist-of,board,director,:group,b2_25,b2_25,d2_26,d2_26,[':group'],[1.0],:group
324,341,939,"We, as a collective of individual Americans donated more money to Haiti than all other countries combined.","[{'MISC': 'Americans'}, {'LOC': 'Haiti'}, {'PER': 'We'}, {'W_Inanimate': 'country'}, {'W_Inanimate': 'country'}]",DiGraph with 22 nodes and 21 edges,collective,person,:consist-of,collective,person,:group,c4_2,c4_2,p2_3,p2_3,[':group'],[1.0],:group
328,345,2524,"The issue is that government charity creates a class of poor who are never anything but poor, make their beds daily in their own misery, cannot see the opportunities that are out there for them in this great country, and have given up their freedom for a type of miserable security that no one would choose without having it foisted upon them.","[{'PER': 'them'}, {'PER': 'them'}, {'W_Inanimate': 'location'}, {'W_Inanimate': 'location'}, {'W_Inanimate': 'location'}]",DiGraph with 45 nodes and 44 edges,class,person,:consist-of,class,person,:group,c3_5,c3_5,p3_6,p3_6,[':group'],[1.0],:group
331,348,6591,"First, it's to dismiss the orchestrated idea that the wealthy in this country are somehow 'victims' of class warfare when talk is floated of raising their taxes to help tackle the deficit and debt at the very same time that massive cuts are on the horizon to tackle the same deficit and debt.","[{'B_human': 'victims'}, {'W_Inanimate': 'location'}, {'W_Inanimate': 'location'}]",DiGraph with 30 nodes and 29 edges,idea,victim,:consist-of,idea,victim,:group,i_1,i_1,v_3,v_3,[':group'],[1.0],:group
356,373,19038,"Say thank you to vahhabite Saudi ""benefactors"" - those ""friends of Afghanistan"" who put three · generations of Afghani boys through militant jihadist indoctrination.","[{'MISC': 'Saudi'}, {'LOC': 'Afghanistan'}, {'MISC': 'Afghani'}, {'B_human': 'ben'}, {'B_human': 'friends'}, {'B_human': 'boys'}, {'B_human': 'ji'}, {'PER': 'you'}, {'W_Inanimate': 'country'}, {'W_Inanimate': 'country'}]",DiGraph with 33 nodes and 32 edges,generation,boy,:consist-of,generation,boy,:group,g_21,g_21,b2_23,b2_23,[':group'],[1.0],:group
371,388,28695,"Again USA model would have been best option, with stong regional states with regional laws and a weak centre.Majority of people 1947 did not want partition · India has as many Muslim faith people as Pakistan, so what was the point jeez.","[{'LOC': 'USA'}, {'LOC': 'India'}, {'MISC': 'Muslim'}, {'LOC': 'Pakistan'}, {'W_Inanimate': 'country'}, {'W_Inanimate': 'country'}, {'W_Inanimate': 'country'}]",DiGraph with 50 nodes and 49 edges,majority,person,:consist-of,majority,person,:group,m4_23,m4_23,p_24,p_24,[':group'],[1.0],:group
372,389,28870,"According to my logic, you should punish the perpetrators, instead of a group of people which includes the perpetrators.","[{'B_human': 'per'}, {'B_human': 'per'}, {'PER': 'you'}]",DiGraph with 15 nodes and 14 edges,group,person,:consist-of,group,person,:group,g_10,g_10,p5_11,p2_6,[':group'],[1.0],:group
380,397,784,"In the past ten years , foreign capital that China 's chemical industry accumulatively absorbed reached 8.5 billion US dollars , and is being used for the construction and technology transformation of chemical fertilizer and petroleum .","[{'LOC': 'China'}, {'MISC': 'US'}, {'PER': 'US'}, {'W_Inanimate': 'country'}, {'W_Inanimate': 'country'}]",DiGraph with 34 nodes and 33 edges,thing,chemical,:consist-of,thing,chemical,:part,t2_28,t2_28,c8_30,c5_6,"[':group', ':part', ':material']","[0.1, 0.1, 0.8]",:material
381,398,799,"A Foreign Ministry spokesperson said today that , at the invitation of China 's Red Cross , Gedinage , the head of the Red Cross 's International Committee and his delegation of four people , visited China from April 18th to the 23rd .","[{'ORG': 'Foreign Ministry'}, {'LOC': 'China'}, {'ORG': 'Red Cross'}, {'PER': 'Ged'}, {'PER': 'ina'}, {'PER': 'ge'}, {'ORG': 'Red Cross'}, {'ORG': 'International Committee'}, {'LOC': 'China'}, {'B_human': 'spokesperson'}, {'W_Animate': 'person'}, {'W_Animate': 'organization'}, {'W_Animate': 'person'}, {'W_Inanimate': 'country'}, {'W_Animate': 'organization'}]",DiGraph with 48 nodes and 47 edges,delegation,person,:consist-of,delegation,person,:group,d_25,d_25,p3_27,p_1,[':group'],[1.0],:group
382,399,830,Russia 's last group of personnel that should withdraw of the Northwest military troop stationed in the three countries of the Baltic Sea completely withdrew from Latvia on the 31st .,"[{'LOC': 'Russia'}, {'LOC': 'Northwest'}, {'LOC': 'Baltic Sea'}, {'LOC': 'Latvia'}, {'W_Inanimate': 'country'}, {'W_Inanimate': 'country'}, {'W_Inanimate': 'location'}, {'W_Inanimate': 'sea'}, {'W_Inanimate': 'country'}]",DiGraph with 30 nodes and 29 edges,group,person,:consist-of,group,person,:group,g_1,g_1,p_7,p_7,[':group'],[1.0],:group
383,400,835,"The Russian Northwest troop clusters are former Soviet troops stationed in the above three countries , with headquarters set in the Latvian Republic .","[{'LOC': 'Russian Northwest'}, {'MISC': 'Soviet'}, {'LOC': 'Latvian Republic'}, {'W_Inanimate': 'country'}, {'W_Inanimate': 'country'}, {'W_Inanimate': 'location'}, {'W_Inanimate': 'location'}, {'W_Inanimate': 'country'}, {'W_Inanimate': 'country'}]",DiGraph with 24 nodes and 23 edges,cluster,troop,:consist-of,cluster,troop,:group,c_17,c_17,t_18,t3_0,"[':group', ':part', ':material']","[0.1, 0.1, 0.8]",:material
384,401,837,"After the disintegration of the former Soviet Union , these troop clusters were transferred to Russian ownership .","[{'LOC': 'Soviet Union'}, {'MISC': 'Russian'}, {'W_Inanimate': 'country'}, {'W_Inanimate': 'country'}]",DiGraph with 17 nodes and 16 edges,cluster,troop,:consist-of,cluster,troop,:group,c_1,c_1,t2_2,t2_2,"[':group', ':part', ':material']","[0.1, 0.1, 0.8]",:material
385,402,175,Why aren't women flocking to her?,"[{'B_human': 'women'}, {'PER': 'her'}, {'W_Inanimate': 'location'}]",DiGraph with 6 nodes and 5 edges,flock-01,cause-01,:ARG1-of,flock-01,cause-01,:cause,f_0,c_4,c_4,f_0,"[':cause', ':reason']","[0.9, 0.1]",:cause
387,406,236,If they have no respect for their neighbors or fellow countrymen how can they have respect for themselves?,"[{'B_human': 'neighbors'}, {'B_human': 'country'}, {'PER': 'they'}, {'PER': 'they'}]",DiGraph with 15 nodes and 14 edges,possible-01,cause-01,:ARG1-of,possible-01,cause-01,:reason,p_0,c_4,c_4,p_0,"[':cause', ':reason']","[0.9, 0.1]",:reason
393,416,603,"Abather and Balqes glow with wonder when they speak of those days , of earning a good living and having their own home for the first time .","[{'ORG': 'Ba'}, {'PER': 'they'}, {'W_Animate': 'person'}, {'W_Animate': 'person'}]",DiGraph with 26 nodes and 25 edges,glow-01,cause-01,:ARG1-of,glow-01,cause-01,:cause,g_0,c_23,c_23,g_0,"[':cause', ':reason']","[0.9, 0.1]",:cause
400,423,9848,Not everyone is as rich or as selfish towards his kids as Bill Gates is.,"[{'PER': 'Bill Gates'}, {'B_human': 'kids'}, {'W_Animate': 'person'}]",DiGraph with 15 nodes and 14 edges,or,person,:destination,or,person,:recipient,o_3,o_3,p2_6,p2_6,"[':goal', ':recipient']","[0.1, 0.9]",:recipient
408,431,25666,This sort of happened to me once recently.,[{'PER': 'me'}],DiGraph with 4 nodes and 3 edges,this :frequency 1,i,:destination,this :frequency 1,i,:recipient,t_0,t_0,i_2,i_2,"[':goal', ':recipient']","[0.1, 0.9]",:goal
412,435,32610,"<a href=""http://timesfreepress.com/news/2013/dec/29/alex-gallmans-last-goodbye/?opinioncolumns"">Maybe it was because coming up with tuition money to Brainerd Baptist School was no easy thing for the Gallmans, so walking his two boys into school was a way to soak it all up.</a>","[{'ORG': 'Brainerd Baptist School'}, {'PER': 'G'}, {'PER': 'all'}, {'B_human': 'boys'}, {'W_Animate': 'family'}, {'W_Animate': 'school'}]",DiGraph with 30 nodes and 29 edges,tuition,school,:destination,tuition,school,:recipient,t_10,t_10,s_11,s_11,[':goal'],[1.0],:goal
415,438,154,I drove to the store.,[{'PER': 'I'}],DiGraph with 3 nodes and 2 edges,drive-01,store,:destination,drive-01,store,:goal,d_0,d_0,s_2,s_2,[':goal'],[1.0],:goal
421,444,442,The number of heroin addicts in Tajikistan has vastly increased over the past five years due to drug trafficking between Afghanistan and Russia and Europe.,"[{'LOC': 'Tajikistan'}, {'LOC': 'Afghanistan'}, {'LOC': 'Russia'}, {'LOC': 'Europe'}, {'B_human': 'add'}, {'W_Inanimate': 'country'}, {'W_Inanimate': 'country'}, {'W_Inanimate': 'continent'}, {'W_Inanimate': 'location'}, {'W_Inanimate': 'country'}]",DiGraph with 31 nodes and 30 edges,traffic-01,and,:destination,traffic-01,and,:goal,t2_1,t2_1,a2_7,a2_7,[':goal'],[1.0],:goal
429,452,1766,Anti-drug police on 1 July 2003 also arrested a Lao National named khamkhuong unmano as police broke up a gang trafficking the psychoactive pharmaceutical bromazepam from Laos to Vietnam.,"[{'MISC': 'Lao National'}, {'LOC': 'Laos'}, {'LOC': 'Vietnam'}, {'W_Animate': 'person'}, {'W_Inanimate': 'country'}, {'W_Inanimate': 'country'}]",DiGraph with 31 nodes and 30 edges,traffic-01,country,:destination,traffic-01,country,:goal,t_19,t_19,c2_27,c_23,[':goal'],[1.0],:goal
433,456,2492,Siem Reap is the gateway town to the Angkor Wat temple complex.,"[{'LOC': 'Siem Reap'}, {'LOC': 'Angkor Wat'}, {'W_Inanimate': 'city'}]",DiGraph with 12 nodes and 11 edges,town,complex,:destination,town,complex,:goal,t_5,t_5,c2_7,c2_7,[':goal'],[1.0],:goal
438,461,3149,The Thai armed forces do not currently have any surface-to-surface missiles in their inventory.,"[{'MISC': 'Thai'}, {'W_Inanimate': 'country'}, {'W_Inanimate': 'location'}]",DiGraph with 13 nodes and 12 edges,missile,surface,:destination,missile,surface,:goal,m_7,m_7,s2_9,s_8,[':goal'],[1.0],:goal
441,464,5089,Japan has increased military research after North Korea stunned the world in 980000 by firing a missile over the Japanese mainland into the Pacific Ocean.,"[{'LOC': 'Japan'}, {'LOC': 'North Korea'}, {'MISC': 'Japanese'}, {'LOC': 'Pacific Ocean'}, {'W_Inanimate': 'country'}, {'W_Inanimate': 'country'}, {'W_Inanimate': 'ocean'}]",DiGraph with 29 nodes and 28 edges,fire-01,into,:destination,fire-01,into,:goal,f_15,f_15,i2_21,i2_21,[':goal'],[1.0],:goal
442,465,6130,On 20 October 2003 Krasniqi was deported to Albania.,"[{'PER': 'Krasniqi'}, {'LOC': 'Albania'}, {'W_Animate': 'person'}, {'W_Inanimate': 'country'}]",DiGraph with 13 nodes and 12 edges,deport-01,country,:destination,deport-01,country,:goal,d2_0,d2_0,c_5,c_5,[':goal'],[1.0],:goal
